framing, page
va1,23
va1-1,25
va2,27
va3,29
va3s,31
va4,33
va5,35
va5-1,37
va5-2,39
va5-2n,41
va5-2s,43
va5-4,45
va6,47
va7,49
va7-1-r,51
va7a-r,53
va7s,55
va7x,57
va7xs,59
va8,61
va8a-r,63
va9,65
va9-1,67
vb1,75
vb1-ln,77
vb1-10,79
vb1-10-ln,81
vb1n,83
vb1-1,85
vb1-1-ln,87
vb1-1-10,89
vb1-1-10-ln,91
vb1-2,93
vb1-2-ln,95
vb1-2-10,97
vb1-2-10-ln,99
vb1-3,101
vb1-3-ln,103
vb1-3-10,105
vb1-3-10-ln,107
vb2,109
vb2-ln,111
vb2-10,113
vb2-10-ln,115
vb3,117
vb3s,119
vb4-1,121
vb5,123
vb7,125
vb7-ln,127
vb7-1-r,129
vb7a-r,131
vb7a-ln-r,133
vb7x,135
vb7x-ln,137
vb7xs,139
vb7xs-ln,141
vb9,143
vb9-1,145
vc1,153
vc1-ln,155
vc1-10,157
vc1-10-ln,159
vc1n,161
vc1-1,163
vc1-1-ln,165
vc1-1-10,167
vc1-1-10-ln,169
vc1-1n,171
vc1-1n-ln,173
vc1-2,175
vc1-2-ln,177
vc1-2-10,179
vc1-2-10-ln,181
vc1-3,183
vc1-3-ln,185
vc1-3-10,187
vc1-3-10-ln,189
vc1-4-r,191
vc2,193
vc2-ln,195
vc2n,197
vc2n-ln,199
vc2-1,201
vc2-1-ln,203
vc2-2,205
vc3,207
vc3s,209
vc4-1,211
vc7,213
vc7n,215
vc7a-r,217
vc7a-l-r,219
vc7a-10-r,221
vc7s,223
vc7s-10,225
vc7x,227
vc7x-ln,229
vc7xs,231
vc7-1-r,233
vc8a-r,235
vc8a-l-r,237
vc8n,239
vc9,241
vc9-1,243
vc9-2,245
vc9-2-ln,247
vc9-3,249
vc9-3-ln,251
vc33-7,253
